-- ============================================================
-- 外卖平台管理系统 - 测试数据
-- ============================================================
USE `takeout`;

-- ============================================================
-- 用户数据
-- ============================================================
INSERT INTO `user` (`UserID`, `UserName`, `Password`, `Phone`, `Role`) VALUES
('U0000000', 'admin', '123456', NULL,          '管理员'),
('U0000001', 'user1', '123456', '11100000011', '顾客'),
('U0000002', 'user2', '123456', '11100000022', '顾客'),
('U0000003', 'user3', '123456', '11100000033', '顾客'),
('U0000004', 'mer1',  '123456', '12200000011', '商家'),
('U0000005', 'mer2',  '123456', '12200000022', '商家'),
('U0000006', 'mer3',  '123456', '12200000033', '商家'),
('U0000007', 'del1',  '123456', '13300000011', '送餐员'),
('U0000008', 'del2',  '123456', '13300000022', '送餐员'),
('U0000009', 'del3',  '123456', '13300000033', '送餐员');

-- ============================================================
-- 顾客数据
-- ============================================================
INSERT INTO `customer` (`UserID`, `Name`, `Gender`, `Age`, `Email`) VALUES
('U0000001', '张三', '男', 22, 'user1@mail.com'),
('U0000002', '李四', '女', 25, 'user2@mail.com'),
('U0000003', '王五', '男', 30, 'user3@mail.com');

-- ============================================================
-- 商家数据
-- ============================================================
INSERT INTO `merchant` (`UserID`, `ShopName`) VALUES
('U0000004', '老王家常菜'),
('U0000005', '川味轩麻辣烫'),
('U0000006', '樱花日式料理');

-- ============================================================
-- 送餐员数据
-- ============================================================
INSERT INTO `deliveryman` (`UserID`, `WorkStatus`) VALUES
('U0000007', '配送中'),  -- 正在配送 O0000004
('U0000008', '空闲'),
('U0000009', '空闲');

-- ============================================================
-- 收货地址数据
-- ============================================================
INSERT INTO `address` (`AddressID`, `CustomerID`, `ReceiverName`, `ReceiverPhone`, `DetailAddress`, `IsDefault`) VALUES
('A0000001', 'U0000001', '张三',   '11100000011', '北京市海淀区中关村大街1号',     TRUE),
('A0000002', 'U0000001', '张小三', '11100000012', '北京市朝阳区望京SOHO',        FALSE),
('A0000003', 'U0000002', '李四',   '11100000022', '上海市浦东新区陆家嘴环路999号', TRUE),
('A0000004', 'U0000003', '王五',   '11100000033', '广州市天河区天河路385号',       TRUE),
('A0000005', 'U0000003', '王小五', '11100000034', '广州市越秀区中山五路108号',     FALSE);

-- ============================================================
-- 菜品数据
-- ============================================================
INSERT INTO `dish` (`DishID`, `DishName`, `Price`, `TotalSales`, `MerchantID`) VALUES
-- 老王家常菜
('D0000001', '红烧肉',       38.00, 0, 'U0000004'),
('D0000002', '西红柿炒蛋',   18.00, 0, 'U0000004'),
('D0000003', '糖醋排骨',     42.00, 0, 'U0000004'),
('D0000004', '蒜蓉西兰花',   16.00, 0, 'U0000004'),
('D0000005', '宫保鸡丁',     32.00, 0, 'U0000004'),
-- 川味轩麻辣烫
('D0000006', '麻辣烫（大份）', 28.00, 0, 'U0000005'),
('D0000007', '酸辣粉',         15.00, 0, 'U0000005'),
('D0000008', '水煮鱼',         58.00, 0, 'U0000005'),
('D0000009', '担担面',         14.00, 0, 'U0000005'),
('D0000010', '毛血旺',         48.00, 0, 'U0000005'),
-- 樱花日式料理
('D0000011', '三文鱼刺身',     68.00, 0, 'U0000006'),
('D0000012', '日式拉面',       35.00, 0, 'U0000006'),
('D0000013', '天妇罗',         45.00, 0, 'U0000006'),
('D0000014', '鳗鱼饭',         52.00, 0, 'U0000006'),
('D0000015', '寿司拼盘',       88.00, 0, 'U0000006');

-- ============================================================
-- 订单数据
-- ============================================================
INSERT INTO `orders` (`OrderID`, `CustomerID`, `MerchantID`, `AddressID`, `OrderAmount`, `PaymentMethod`, `OrderTime`, `DeliveryStatus`) VALUES
('O0000001', 'U0000001', 'U0000004', 'A0000001', 96.00,  '微信支付', '2025-06-01 11:30:00', '已完成'),
('O0000002', 'U0000001', 'U0000005', 'A0000001', 144.00, '支付宝',   '2025-06-02 12:15:00', '已完成'),
('O0000003', 'U0000002', 'U0000006', 'A0000003', 156.00, '微信支付', '2025-06-03 18:30:00', '已完成'),
('O0000004', 'U0000003', 'U0000004', 'A0000004', 126.00, '支付宝',   '2025-06-04 13:20:00', '配送中'),
('O0000005', 'U0000001', 'U0000006', 'A0000002', 132.00, '微信支付', '2025-06-05 19:45:00', '已接单'),
('O0000006', 'U0000002', 'U0000005', 'A0000003', 43.00,  '支付宝',   '2025-06-06 12:00:00', '已取消');

-- ============================================================
-- 订单-菜品关联数据
-- ============================================================
INSERT INTO `order_dish` (`OrderID`, `DishID`, `Quantity`) VALUES
-- 订单1: 红烧肉 + 糖醋排骨 + 蒜蓉西兰花 = 38+42+16 = 96
('O0000001', 'D0000001', 1),
('O0000001', 'D0000003', 1),
('O0000001', 'D0000004', 1),
-- 订单2: 麻辣烫*2 + 水煮鱼 + 酸辣粉*2 = 28*2+58+15*2 = 144
('O0000002', 'D0000006', 2),
('O0000002', 'D0000008', 1),
('O0000002', 'D0000007', 2),
-- 订单3: 三文鱼刺身 + 寿司拼盘 = 68+88 = 156
('O0000003', 'D0000011', 1),
('O0000003', 'D0000015', 1),
-- 订单4: 红烧肉*2 + 西红柿炒蛋 + 宫保鸡丁 = 38*2+18+32 = 126
('O0000004', 'D0000001', 2),
('O0000004', 'D0000002', 1),
('O0000004', 'D0000005', 1),
-- 订单5: 日式拉面 + 天妇罗 + 鳗鱼饭 = 35+45+52 = 132
('O0000005', 'D0000012', 1),
('O0000005', 'D0000013', 1),
('O0000005', 'D0000014', 1),
-- 订单6: 麻辣烫 + 酸辣粉 = 28+15 = 43（已取消）
('O0000006', 'D0000006', 1),
('O0000006', 'D0000007', 1);

-- ============================================================
-- 配送记录数据
-- ============================================================
INSERT INTO `logistics` (`OrderID`, `DeliverymanID`, `EstimatedTime`, `IsDelivered`, `CustomerPhone`) VALUES
('O0000001', 'U0000007', '2025-06-01 12:00:00', TRUE,  '11100000011'),
('O0000002', 'U0000008', '2025-06-02 12:50:00', TRUE,  '11100000011'),
('O0000003', 'U0000009', '2025-06-03 19:15:00', TRUE,  '11100000022'),
('O0000004', 'U0000007', '2025-06-04 14:05:00', FALSE, '11100000033');
