-- ============================================================
-- 外卖平台管理系统 - 测试数据
-- ============================================================
USE `takeout`;

-- ============================================================
-- 用户数据（3个顾客 + 3个商家 + 3个配送员）
-- ============================================================
INSERT INTO `user` (`UserID`, `UserName`, `Password`, `Phone`, `Role`) VALUES
('U0000001', '张三',   '123456', '13800001111', '顾客'),
('U0000002', '李四',   '123456', '13800002222', '顾客'),
('U0000003', '王五',   '123456', '13800003333', '顾客'),
('U0000004', '老王餐厅', '123456', '13900001111', '商家'),
('U0000005', '川味轩',   '123456', '13900002222', '商家'),
('U0000006', '日式料理',  '123456', '13900003333', '商家'),
('U0000007', '赵六',   '123456', '15000001111', '配送员'),
('U0000008', '钱七',   '123456', '15000002222', '配送员'),
('U0000009', '孙八',   '123456', '15000003333', '配送员');

-- ============================================================
-- 顾客数据
-- ============================================================
INSERT INTO `customer` (`UserID`, `Name`, `Gender`, `Age`, `Email`) VALUES
('U0000001', '张三', '男', 22, 'zhangsan@mail.com'),
('U0000002', '李四', '女', 25, 'lisi@mail.com'),
('U0000003', '王五', '男', 30, 'wangwu@mail.com');

-- ============================================================
-- 商家数据
-- ============================================================
INSERT INTO `merchant` (`UserID`, `ShopName`) VALUES
('U0000004', '老王家常菜'),
('U0000005', '川味轩麻辣烫'),
('U0000006', '樱花日式料理');

-- ============================================================
-- 配送员数据
-- ============================================================
INSERT INTO `deliveryman` (`UserID`, `WorkStatus`) VALUES
('U0000007', '空闲'),
('U0000008', '配送中'),
('U0000009', '空闲');

-- ============================================================
-- 收货地址数据
-- ============================================================
INSERT INTO `address` (`AddressID`, `CustomerID`, `ReceiverName`, `ReceiverPhone`, `DetailAddress`, `IsDefault`) VALUES
('A0000001', 'U0000001', '张三', '13800001111', '北京市海淀区中关村大街1号', TRUE),
('A0000002', 'U0000001', '张三', '13800001111', '北京市朝阳区望京SOHO',     FALSE),
('A0000003', 'U0000002', '李四', '13800002222', '上海市浦东新区陆家嘴环路', TRUE),
('A0000004', 'U0000003', '王五', '13800003333', '广州市天河区天河路385号', TRUE);

-- ============================================================
-- 菜品数据
-- ============================================================
INSERT INTO `dish` (`DishID`, `DishName`, `Price`, `TotalSales`, `MerchantID`) VALUES
-- 老王家常菜
('D0000001', '红烧肉',     38.00, 0, 'U0000004'),
('D0000002', '西红柿炒蛋',  18.00, 0, 'U0000004'),
('D0000003', '糖醋排骨',    42.00, 0, 'U0000004'),
('D0000004', '蒜蓉西兰花',  16.00, 0, 'U0000004'),
-- 川味轩麻辣烫
('D0000005', '麻辣烫（大份）', 28.00, 0, 'U0000005'),
('D0000006', '酸辣粉',       15.00, 0, 'U0000005'),
('D0000007', '水煮鱼',       58.00, 0, 'U0000005'),
('D0000008', '担担面',       14.00, 0, 'U0000005'),
-- 樱花日式料理
('D0000009', '三文鱼刺身',   68.00, 0, 'U0000006'),
('D0000010', '日式拉面',     35.00, 0, 'U0000006'),
('D0000011', '天妇罗',       45.00, 0, 'U0000006'),
('D0000012', '鳗鱼饭',       52.00, 0, 'U0000006');

-- ============================================================
-- 订单数据
-- ============================================================
INSERT INTO `orders` (`OrderID`, `CustomerID`, `MerchantID`, `AddressID`, `OrderAmount`, `PaymentMethod`, `OrderTime`, `DeliveryStatus`) VALUES
('O0000001', 'U0000001', 'U0000004', 'A0000001', 56.00,  '微信支付', '2025-06-01 11:30:00', '已完成'),
('O0000002', 'U0000001', 'U0000005', 'A0000001', 43.00,  '支付宝',   '2025-06-02 12:00:00', '已完成'),
('O0000003', 'U0000002', 'U0000006', 'A0000003', 103.00, '微信支付', '2025-06-03 18:30:00', '配送中'),
('O0000004', 'U0000003', 'U0000004', 'A0000004', 72.00,  '支付宝',   '2025-06-04 19:00:00', '已接单'),
('O0000005', 'U0000001', 'U0000006', 'A0000002', 35.00,  '微信支付', '2025-06-05 12:15:00', '已取消');

-- ============================================================
-- 订单-菜品关联数据
-- ============================================================
INSERT INTO `order_dish` (`OrderID`, `DishID`, `Quantity`) VALUES
-- 订单1: 红烧肉 + 西红柿炒蛋 = 38+18 = 56
('O0000001', 'D0000001', 1),
('O0000001', 'D0000002', 1),
-- 订单2: 麻辣烫 + 酸辣粉 = 28+15 = 43
('O0000002', 'D0000005', 1),
('O0000002', 'D0000006', 1),
-- 订单3: 三文鱼刺身 + 日式拉面 = 68+35 = 103
('O0000003', 'D0000009', 1),
('O0000003', 'D0000010', 1),
-- 订单4: 红烧肉 + 西红柿炒蛋 + 蒜蓉西兰花 = 38+18+16 = 72
('O0000004', 'D0000001', 1),
('O0000004', 'D0000002', 1),
('O0000004', 'D0000004', 1),
-- 订单5: 日式拉面 = 35
('O0000005', 'D0000010', 1);

-- ============================================================
-- 配送记录数据
-- ============================================================
INSERT INTO `logistics` (`OrderID`, `DeliverymanID`, `EstimatedTime`, `IsDelivered`, `CustomerPhone`) VALUES
('O0000001', 'U0000007', '2025-06-01 12:00:00', TRUE,  '13800001111'),
('O0000002', 'U0000008', '2025-06-02 12:40:00', TRUE,  '13800001111'),
('O0000003', 'U0000008', '2025-06-03 19:15:00', FALSE, '13800002222'),
('O0000004', 'U0000009', '2025-06-04 19:45:00', FALSE, '13800003333');
